,x1,x2,y
0,10.393145869125277,19.1221666444963,78.23407227224007
1,10.152860278272382,21.818060351013905,86.60227196046
2,10.803488429323266,20.466527176633264,80.61004570952355
3,9.428369055898678,18.862254332938814,73.9081542627513
4,10.498180898623108,23.509005471292564,92.40571264688694
5,9.049038457373813,21.291092304824474,81.28719927951883
6,9.99976498478168,19.278261686489937,78.92530268993517
7,8.457678403151313,16.652838742116437,65.74245565744039
8,10.963579718682121,21.748255370833213,84.96643790347161
9,9.339533518943337,17.105545188365696,70.94938261753254
10,8.914627404002506,24.500470925463684,91.54158011539982
11,10.08886610452776,15.791843452484965,66.72837459358453
12,9.494164426236603,18.734117723978443,74.99179901853019
13,10.675034387150378,19.549243900980102,79.82801046559734
14,10.538910168663417,20.068604359092273,80.88298696810622
15,11.180171351054817,18.233766743179164,76.35149302988287
16,10.05337479653681,19.26431295424931,75.94314164251156
17,9.742511561142662,19.144421139336554,76.19955825403515
18,7.575103019717633,21.90531647818614,79.19223684500471
19,8.91716541400022,20.087132362853133,77.27623582321888
20,11.109677983531492,22.071741383817734,89.02459843961512
21,11.186400996769013,15.30257488648488,68.70643373877395
22,9.910836779115396,19.918249110376873,78.85615170934142
23,9.46225248680942,21.615080907354553,83.13404980105486
24,10.330521898421015,19.978456321126142,80.87639609346982
25,11.529491788333914,19.75146748228508,81.81377784790882
26,9.202197554246034,23.69331333738062,88.78559337657799
27,11.993899155916566,17.312421362569097,76.54088927029035
28,9.274181155355157,20.277754363375912,79.70782719887995
29,10.759265939680846,23.122190342596404,90.69210170829467
30,9.863475858158811,18.207232797197516,74.01018883628844
31,10.062606738679312,20.337929443238977,80.93636266712444
32,12.486105592296921,20.551807270138006,84.69251600008512
33,10.71933778702552,19.114856098132943,78.07839318144998
34,8.223005739383296,21.105046761250563,79.48201855593987
35,10.121888358646077,21.639732352532207,85.44536774826452
36,8.474629608485893,19.452822973929564,77.77355125795839
37,8.173390599784598,20.892346729915573,77.80596013368734
38,8.686113306083753,15.400651863132033,64.97669528949018
39,9.866202459256122,20.391745840788975,79.65568816747225
40,9.661009633736535,22.18737658722303,87.71553234412416
41,9.37045293419856,22.317681134647938,85.9371617937746
42,8.845917163801928,19.683200101701072,78.19261808848012
43,9.820986023285831,17.477821054215035,71.27658563509598
44,9.176098075254258,18.981012886504136,76.08436026780528
45,10.759158246259133,16.12626990204917,69.07050907237172
46,10.730691330981061,19.6158136102552,80.52174481978393
47,8.17844997540094,23.08847133002004,87.79672159109519
48,11.34749716301955,20.382378347470354,84.68424802303326
49,8.447622106100113,18.938100077471077,72.30344967708054
50,10.377472488057327,22.076450067639286,86.27261733198175
51,8.966661508738401,20.985324178517843,81.68265804341046
52,9.197351746791535,20.8852448705583,79.94863369378571
53,8.842521575953084,17.659744183611494,69.53197099491395
54,11.077743426115779,18.706550902314447,79.48244202190895
55,11.923121478817443,20.995579558410423,85.42606189793372
56,8.722986502258285,19.222983493889178,75.6686114226483
57,12.314164172671576,16.919801801273707,75.38218671552868
58,10.16932685056499,22.260009178199095,85.88329289779813
59,10.074266088213083,22.276691990631036,86.21157755907429
60,10.413726770398494,16.81333506691182,70.56178861789054
61,11.400788426895627,17.153649547996437,75.99179273754054
62,7.211480984158108,20.099174330733206,73.68856991835038
63,10.203991315003778,21.13183136509692,84.20456015577516
64,11.62158062911666,20.402928093692918,84.28045720187649
65,9.021033903584456,20.169843404408063,76.87698089489706
66,10.517120339732887,23.22511821513664,92.29926590528596
67,10.200892819910315,20.320583855748485,80.18732121854401
68,11.103649584044119,18.177922192324875,77.16500078816233
69,10.271450431877085,21.742908867939217,86.65098504515042
70,9.27750013554283,20.425545990113843,80.74784491327594
71,10.299214719675028,19.863795912438583,80.0391735858646
72,7.981690751094398,19.778031598736316,76.85653956841395
73,9.332652451592526,22.156522396973287,85.44753743747025
74,11.45480011371549,22.14813642882667,90.06608000522063
75,10.275421825792154,21.589713068716385,87.1892902405042
76,9.67073633810847,19.60064214157045,78.36159827136636
77,9.289182778672538,22.483648782635,86.1027138025656
78,9.589289053361139,22.30989078539563,86.45274818170105
79,10.451864161363423,20.812743804575078,82.38245276119815
80,11.144952853974633,21.005537094531217,85.04922038742372
81,10.99805507275176,16.566495662485806,71.7357531774962
82,9.995656446647926,20.261925346896888,80.85860756800001
83,9.78329327489083,18.2521843889118,72.52031626398622
84,9.104484514783522,17.735676081667318,71.68135816026401
85,8.544635309997872,19.56396459768625,77.03871394832062
86,9.343443754194869,18.320629001277318,73.85682459792977
87,10.819895588209176,22.32534576005104,87.5937765324365
88,10.511910421597,23.057021887920467,90.78471141604803
89,8.719826670681279,18.06532713220137,70.63414055103817
90,9.746554345700549,15.424050976661142,66.14045274630973
91,9.74961449737892,19.12897702933499,78.69130652908545
92,9.914788340027272,17.74263021218944,73.64302952046651
93,10.635856968952265,19.67407114992248,81.29897186303123
94,10.735721897968784,20.340638974234558,82.64454229394715
95,9.633258125364927,20.354750978818476,80.70560975136735
96,11.185653784950183,21.085598255131547,86.56544207211508
97,11.519366168209961,18.0557045431965,79.11931508721602
98,10.39194947225242,22.26197278275278,87.49608957265988
99,10.2621204399378,16.74922946076735,70.99368589403417
100,10.816680397443513,20.51498629950919,84.22109752577948
101,10.677954745236606,22.018081384161206,89.34100677835453
102,11.306436848032472,18.938341847591747,79.41687383649035
103,8.248111319999868,20.75694122156479,79.03327737550526
104,12.171146746367352,19.38317764734305,83.87579587834006
105,9.888732523943428,21.390111942343353,85.31313966692846
106,10.5208748393812,18.260399375897617,75.49852296912036
107,10.683510920616637,13.531075365368388,61.26406248915056
108,9.612591232562242,17.491632356866017,72.32881917360612
109,9.498406115540908,17.946501335780013,72.14309406424002
110,9.400144122904441,26.176703518683947,98.29513694923753
111,10.488785332039601,17.96526226752332,73.56592666849531
112,11.22024948332472,23.171871214285062,91.13720187751017
113,9.93936570032332,20.086532890351936,79.62467659196432
114,10.455373111369767,21.432105106184117,83.18521949420104
115,8.916130385082841,21.416678692859392,81.87336077181385
116,10.228954110887562,21.497214002293262,85.74931767533427
117,10.268928750942273,19.69786187114844,79.96949473814657
118,10.676928525074755,17.18816989879882,73.66260881298814
119,11.34954504358582,17.641980885162972,74.5954507204194
120,10.591455631340683,23.245709238344496,92.20228548039283
121,9.657435593638105,17.378086156612987,72.13170800791737
122,8.775425385864999,16.829916384070586,68.64198979221442
123,10.888968665281338,16.202678547420042,69.82028215191453
124,10.42433762672417,20.64874711164398,82.80382750433776
125,10.006939334026908,19.911852871774286,80.29890807036553
126,9.604646080607722,17.46440944315763,72.71108082406607
127,10.058709239360677,16.595019556548017,70.31202628772346
128,10.713741486463068,20.304919706297234,80.37804977094063
129,11.452174579867426,17.663800976108643,77.07619455733641
130,9.7631213903994,17.47028495007544,71.4926158611398
131,9.42348333505591,22.69497330332235,85.42463736334223
132,10.18961309450692,19.846664842516248,79.51866708682584
133,10.229051020474385,19.80360940545966,79.8618593669799
134,8.271130114377023,20.09174028916754,77.02617276776189
135,9.97069262640716,20.249895024613256,78.88709540179373
136,8.454570130341596,18.650670895290247,70.16980035432123
137,12.29483503450076,18.16771036433123,78.21880760766095
138,9.696222305893334,20.423492980866705,80.33809421341584
139,10.558007324437884,23.709659192705004,91.68713555091142
140,9.470784098694859,20.382675851290283,79.29200051482184
141,10.68521385434072,20.218309872129083,81.36280913992834
142,10.028374100526888,19.631073792677718,78.85280348124257
143,9.459768634190198,20.800213744905097,80.44446364711949
144,10.290378228224252,21.400418203620415,85.74762724031453
145,9.287915774734254,21.66149465487821,83.79942869144583
146,10.181320880280339,18.9787928789072,78.27841133287225
147,9.72210047714432,18.682559384540884,76.24303232005292
148,8.807092022979278,24.098427063735954,89.8143554758432
149,10.615694414375037,21.383496925838422,83.99154360439557
150,10.008382028727763,21.26601445652062,85.04410977447318
151,10.305920443944403,23.15384833272799,89.88884400380238
152,8.715175602000523,16.229865309957976,67.24495055967762
153,12.536677925317056,19.256747828712413,82.49941767771827
154,11.596242087220874,18.052951124346468,77.23315387599511
155,9.807645936966178,19.308860716143872,77.81655567974227
156,9.341784175658656,21.242901676834528,82.71634826732927
157,9.462162773908144,16.35695379985095,68.93121068872865
158,11.49771627360036,19.4716823092362,81.68906850728806
159,9.923519426125386,15.734583289448267,68.49165193645149
160,10.02734209518061,21.00683936147844,84.69809961857278
161,11.891253640938425,22.144013110722177,90.25562091023161
162,10.398320072126436,19.61257953475693,79.9391796989727
163,9.645480230990868,21.496530724767425,83.0877999171671
164,9.072792158229097,17.02143481502053,68.38730675906687
165,9.794971323498837,18.599607233232373,75.2002107989282
166,9.432375376472798,19.47105686936046,78.40481341009993
167,11.120064479466386,18.288668443111348,77.54159228103286
168,12.193922777110414,19.45784105186472,82.61204556807867
169,10.755333233148361,19.80932636768853,81.18307676833354
170,9.640949813586532,16.904345839431784,69.79634260435954
171,9.42495962664939,21.914176217845633,83.3110176204612
172,11.357631288917517,21.206414859943038,88.26850865954513
173,9.247174995378813,19.153765668146153,75.80961185608965
174,10.735439411586636,20.925415437879444,83.97825779111574
175,10.392834774092185,17.519535843883553,71.42731219547933
176,9.167118995844676,22.015480123732416,85.32695748426431
177,10.429659959387894,23.69185069812797,90.81528926768596
178,9.730508430842187,18.916468192834127,77.26446278058276
179,11.011672344234992,17.203883820068096,74.42237194659572
180,10.229257725056838,22.276638898314268,86.97766343373465
181,10.566048134276697,18.576438954732,78.8176240214629
182,10.377150755108323,20.678391708745426,81.84710821508423
183,8.663719897439186,22.04119923631668,81.43917370003308
184,11.326403671673276,20.847744244617864,85.84509767766633
185,10.137529480045357,18.637901853596148,76.02309309977832
186,10.242406082512565,20.69110726914098,83.41121456626936
187,10.25844513747505,18.425050263077253,76.17491200738647
188,10.791315665204607,21.26156433978312,85.38834210408646
189,7.5503005483035075,22.607255690296597,84.13808832324692
190,9.593433137938284,22.19171694563158,85.30373926645014
191,10.410118709791814,19.637593772919196,79.57777909769948
192,9.70169510814763,19.156439575862663,77.7701883186618
193,9.430926505332106,18.24557255781861,75.32396576651516
194,9.70949023487044,22.118135819962887,86.04675491101648
195,9.729571343849662,19.190529460558054,76.91889420148834
196,10.938406958936802,16.37101592015819,72.31091980395284
197,9.58511661382064,18.499939260648986,74.46830200033136
198,11.24616321954441,22.257934132397697,89.88541277370511
199,10.809517780485582,20.719239458496645,83.27386766929962
200,9.770334728977526,20.713971465754494,82.89913847081503
201,8.00381187910807,19.43420170060246,74.34152052145004
202,11.09958991156468,20.14548488578084,83.09970932496756
203,11.56329463315677,23.282116376612134,93.49020133214051
204,8.895928331694419,20.296898184979426,79.09037164588732
205,11.721475497646574,20.942590014412648,87.56312095298827
206,11.355282802421304,21.864214767718295,87.50465106548285
207,11.910408006489408,18.09834545948672,77.27180491052022
208,10.439447872693947,17.284168605270814,72.66815310087932
209,9.500062363026117,21.852053484688604,84.15829320627053
210,8.733223569151036,17.723899185982702,71.7436497924689
211,9.59275481133229,18.46879388684014,73.80431681860902
212,9.798177616650346,15.816216554929468,65.63114628826077
213,8.117457517347145,17.046544391835283,67.06187055531494
214,10.822692738941663,17.247238272953304,72.94361390693992
215,9.16681936623253,17.90058735283189,71.4546052950264
216,10.717216935306228,17.616939831243446,75.32211251024889
217,10.398776087356334,18.599939806256984,76.8516408780018
218,9.295096784459666,19.21641907599872,76.2006530088813
219,10.244665819295749,20.418907592362082,81.57473793700451
220,9.535652518229679,19.087264779963256,76.43554617365695
221,8.824089185740394,19.767542145955073,76.32950055323002
222,10.76343875391431,22.254866555306535,88.57565530667372
223,11.023148083200686,17.11075518888905,74.40558617266433
224,8.94142910870844,17.928647901862938,71.41481688710559
225,10.614134588345669,21.197239685387654,84.04922470734874
226,11.194365186619173,22.436991701242,88.76162465139672
227,12.061157110948962,19.978723941793948,85.47132441979801
228,10.868548926450197,17.393581004945727,74.14903153767384
229,7.379643252490004,16.62528098095525,64.95009184808127
230,10.825403367727594,19.104300522894714,77.55792199364221
231,10.012839808910549,21.080007334087025,84.09924898482203
232,9.574981427231055,19.92599570385115,78.164116245919
233,8.796727850221178,20.538851567718734,79.84446268798911
234,9.770866739535723,17.44018125165647,70.55637918074436
235,10.260828644866475,19.134395005342324,77.94085667706676
236,9.912873422634762,21.086234353943507,83.7815969944836
237,8.873780141043675,20.49137885459645,77.77914966502554
238,11.446643861865603,19.3819461080529,80.75551023450464
239,8.579489724165967,18.975855035688753,74.2682658397391
240,10.176287309160168,22.595847657115893,88.76033466136528
241,8.457627520574533,20.953262572812456,80.59084731276388
242,10.794212641001714,19.507417402757508,81.23309809797794
243,10.643571550489483,19.709987135789046,80.864236138044
244,9.518857134523905,20.712102668125773,81.97674048803137
245,10.680958770446853,21.213878225383368,85.04594143169685
246,8.989534629250349,15.542434765829714,66.46135127378717
247,10.162079340280458,18.536515195965194,76.66077825592026
248,9.032302223704885,20.416550532848174,78.9140101675771
249,9.963121262869679,17.664535725846115,74.6627069451613
250,9.40961159739852,21.489446408336796,81.70865195971844
251,10.906628917972798,21.405576739199653,85.09669308705266
252,9.91369546135221,18.019445080497796,75.0958254867667
253,8.784428404967617,19.963641294349433,78.4037415847582
254,10.782902195414962,22.354653354849894,89.19812243308107
255,9.523860317837991,18.494011485030743,73.41584223736447
256,10.555147029876093,20.090705625222235,79.98918241954536
257,10.280279188673155,18.113767942805232,74.8315291686391
258,9.367252494408973,19.828064032271595,75.77405482481149
259,8.573978585242939,19.99283259465191,77.94866114585533
260,11.9801538334511,16.898037951118056,75.23712551273715
261,10.973296244323647,19.789616812684717,79.26650799242479
262,10.240804805257905,22.020571972169336,87.09693010954325
263,8.558659688111153,24.43395719402181,91.39742329625228
264,10.537844233994049,24.960937983047973,93.93154415940224
265,10.613145178761792,16.121442034237685,69.71527928027402
266,8.457894780776723,15.954534093833615,63.783187834459454
267,8.96077020733053,21.05336904808266,81.60436879267935
268,11.170660521529468,21.10414341160729,84.14668443538802
269,10.875323326015899,18.866561835083537,78.8118216693892
270,11.139885605198437,17.834868793234193,78.06368017703588
271,11.523809130721444,19.720035962649277,81.939160174698
272,10.537179095378196,20.818253173160286,83.55162547839065
273,10.8396601800588,19.65666683453956,81.65629561177442
274,11.099298190852421,18.62054443868475,77.64736235644087
275,8.369548504666307,20.948221982659994,79.00854895066865
276,9.90947470360246,19.658121891221864,77.85844864057974
277,9.31197162444557,21.248735582428537,82.53855202530282
278,10.759984141066658,17.855245158288284,75.82707612628937
279,9.36543231388851,19.47309548942098,75.94250810165512
280,11.057933457463562,18.091737223195306,75.91946978716572
281,11.797081441480646,21.715813572043178,89.00744168428386
282,10.070361137140695,20.429517586197875,81.92772414749842
283,9.768364847078054,22.936723416314038,86.70723277848819
284,9.085502126381323,20.162647954389985,80.99971605041051
285,9.484906243434303,21.0741122113821,82.87034406383549
286,10.15596938512326,17.96913214747518,75.34799889856191
287,10.9378475383191,17.771408812855647,75.10005147942415
288,9.939617546776516,22.545852291456065,86.33429678770412
289,9.69443248777271,20.208049087942168,79.61086251692191
290,10.02614713078745,19.02295229634353,76.23946631588623
291,9.28224156451735,21.583841732765546,84.00496604844358
292,9.574354986753974,18.06047873837529,73.3744217937144
293,9.107393722347332,19.918500225834205,79.26131627035446
294,9.970410862639087,18.090938326205375,74.85422263271613
295,10.402192104159953,19.13859894559902,78.24599566346185
296,9.001747169554584,22.936055668355472,87.89460921890489
297,9.881488116695177,20.59868909753645,81.59724792696937
298,10.762236621800152,17.966078161772174,76.0655292277816
299,9.887524079593572,16.44016491802613,67.95909578669604
300,10.338644420534658,19.723089994091925,79.1716100289081
301,8.554248327798767,21.660793988073376,83.60228440165929
302,8.782462408058155,20.453351730154903,78.87045449115273
303,9.980835813218924,20.79191227264038,82.32743043694435
304,11.4317665547132,19.67550811200929,83.11167530541968
305,9.39049161557065,18.299919586858593,72.86189298658996
306,9.183532709411562,18.495563832199853,73.8888430479647
307,10.56058464999713,19.60728671863001,81.00591793406456
308,10.342182890846228,19.62695902957084,79.46578099642501
309,11.67962958600695,17.947532357872092,78.60758937244863
310,8.450544951644513,21.47993910828037,80.92858275028063
311,11.078666051513851,18.171398326369403,77.36220087764175
312,10.664076508221898,20.027199842837586,80.47336895919022
313,9.666471037096185,21.655032520338775,84.44076823399715
314,9.388965875552648,17.47055268268959,70.40421512501234
315,10.282404675747667,19.794881577775246,79.65341168727572
316,10.85925110003006,20.145278808581246,84.34382641516905
317,11.323805680634761,20.119730139483664,83.7818191549137
318,11.850167790232636,19.76645369994981,83.23256170523463
319,9.52565225495047,17.926072635916803,72.8212085318768
320,10.37168844222854,20.772534769808967,83.02810250251434
321,10.112894062857764,17.956777558834382,72.54214752300678
322,10.864992749227195,18.831268598614486,78.65692247909486
323,7.256922792529765,21.277789833413188,78.2475208469113
324,10.642687778364179,18.77312776635278,78.53572438617711
325,9.768058636000072,17.262000476270472,73.13486131951962
326,9.439452796923776,23.827079784210888,89.82173055642198
327,10.821421197602003,18.1818011446603,77.00693800245047
328,9.184262835189566,19.744654898916274,79.40811792353756
329,12.547333714866173,19.749373883867367,82.2742914896624
330,11.992953893085762,16.931533595189528,73.28268771954481
331,8.787026056214536,21.446582533161283,83.05466828360238
332,8.999198477850433,21.88823969934853,83.83427787627949
333,10.008612889104839,20.658241365431937,81.23500291440027
334,9.436113653719627,19.468615088907725,77.19480700878577
335,10.825744539817638,17.335465708656415,73.79368904549514
336,9.491884437034361,20.975127766767102,81.48306375981842
337,8.51952848234892,16.258622924386547,67.4590825516956
338,9.502123922546623,18.144899505714637,72.89897340685303
339,10.334026462156238,20.478988319265035,81.77021980757672
340,9.492848070198985,20.71032410352351,81.68668370745702
341,9.504003544800904,20.320639160794126,79.22317110531276
342,8.369622082860275,18.79750544059366,71.47899455762321
343,10.39173088886439,22.99133302837002,90.43746639450106
344,9.743287601061194,19.636554621245182,76.98851533950634
345,11.295227241856095,20.92100480803822,86.24643474422123
346,8.562231429390366,18.841154810815034,74.36748452427197
347,10.163214371507955,18.19459542732636,75.1719248709479
348,10.02587873207493,21.04232859403891,83.79714476806062
349,10.787011477037993,20.274051931411133,83.09345922364999
350,9.136538421492107,18.851664713206976,74.63248098570591
351,10.189580311915583,23.85260689432844,90.44580515995295
352,12.072343319739591,21.60957078094983,89.2153924897743
353,9.795438960304601,21.398613281423714,85.22441012079946
354,8.267465441015528,16.529805213141273,66.4161392436371
355,9.564733813681356,22.951530523138437,88.8370944825073
356,11.117326653591814,16.84646454913103,73.15370263829351
357,8.58873226356206,22.17668411760203,83.85126750482686
358,9.399369399538022,18.764725321212858,74.18617812148231
359,10.028952775932089,15.919620126346976,68.36568314646831
360,9.367897711788945,16.381605099696213,67.53713720761284
361,9.380555993465872,18.43083971408139,73.57155851456513
362,9.714156112158667,18.788258674207157,76.7322149432886
363,10.499696020418499,18.329835718460117,76.223357704894
364,9.904925192221485,20.550467357013915,82.50602988338339
365,7.465991191763067,22.37383417992686,83.03793717153067
366,11.480851350963023,18.4135573418281,78.77480045637142
367,9.78773173955237,19.504469042149843,79.50242541518442
368,9.778453138743348,18.791098163111158,75.82861466923559
369,10.679290654776693,21.530818459949145,84.43462319727286
370,10.014157084624193,17.84218113947659,72.31891704732286
371,9.775355541743728,21.343022347649832,83.83319481690052
372,8.970860514143043,20.485673320578332,78.47503894738676
373,8.400519035651381,16.9540343126422,67.61298914519308
374,11.592853915306922,19.086169373581217,79.73691910183754
375,8.50301072559059,20.987239830107168,81.17842967924113
376,9.869939230543782,18.233951919409996,74.36367063524709
377,10.352384368074913,19.585396955601905,79.47370407689091
378,10.480771321270504,23.28367852975109,89.9922020722483
379,10.086470250666451,21.739204114351807,84.6444454775235
380,9.915403407836736,21.311186643590883,83.45508383748489
381,10.490718622724355,19.92768590413238,82.23127949979816
382,9.652455681823534,21.637578414485397,83.94566330342852
383,8.921935600939085,23.495279271307407,88.82005748896162
384,11.014742347024825,21.156588896975165,86.02547523886524
385,9.975697350500765,19.540079393016217,78.07457621685502
386,8.85277102758422,17.150923477545255,68.7336385187997
387,9.267485975482028,21.390632656973672,80.4209505170886
388,9.53144047633238,18.712872557520708,76.21582140766799
389,10.09394543143854,19.01182538050451,78.87708495404894
390,10.74596169052577,21.771853998772816,87.56437964100586
391,10.705015560407709,22.749943135482738,89.13060198172244
392,10.312591846627951,19.78345738892786,79.54621944757054
393,10.58183442125562,19.94891866372042,80.9280493282919
394,10.897377173450591,18.820049252705285,78.43371999577822
395,7.792034278316171,17.92396694390095,70.88908123072653
396,9.403020820675573,17.747105713001815,71.72224581812917
397,10.649318835008723,17.389207582670554,72.14039484673859
398,9.278297224383559,19.263634403610332,76.71572433327518
399,9.046501695854152,15.044748369169382,62.85401111658399
400,10.07403618340015,22.91516194797863,88.58605608706249
401,11.107930841921952,22.91335676038416,90.3935541722
402,9.670758669291429,22.160205255126236,85.68700880172742
403,10.06018835140484,20.797137902853045,82.44102293511233
404,10.596658407331324,20.67373937053637,85.01012650979169
405,9.955251735471714,19.976689195887708,78.34049724408052
406,10.993721941618197,19.028623778116064,79.58540139008821
407,9.028244986658393,19.77132346819163,77.86434142446393
408,8.586845337526427,16.87190456070504,69.00763217735124
409,10.651490013013795,19.394619878696968,79.11349981905147
410,9.83875815483405,20.956719327350463,81.66640262752043
411,8.75648167255632,16.130597847279965,65.42824987967231
412,11.428496482898199,20.95958272033604,85.73499591875125
413,11.766777343948593,18.922334989569332,77.95465868068312
414,9.418926280981767,18.31087193167839,73.19040930801161
415,11.124601267011174,22.47715147562158,88.49145782459797
416,10.720485933347172,18.789721843995046,78.63223861296213
417,9.27019755721971,23.15810980245683,89.70091565278871
418,10.06904145890535,20.796974617726264,82.66385885615516
419,12.106095238570912,22.562348230458795,90.89239274523743
420,10.813514583672388,15.610694348685474,67.365676983679
421,9.579674160087542,21.260678557722024,83.62210322572574
422,10.167871008428284,20.359167688039,81.31061041308446
423,10.603239202230894,15.173971890602008,65.93160475485736
424,10.59943342709379,25.537638704876386,96.85058428276017
425,9.866144192020876,16.335680834351184,67.66792297517051
426,9.936765732101996,19.08193958629127,76.23549823633127
427,11.626374584675066,16.942414739662567,74.65834358245462
428,9.167757655161973,18.5127836332625,72.53317742992229
429,9.605661974234764,25.43897858667701,95.66763211922284
430,9.373514380807368,19.546006819562827,77.83081278885074
431,9.418826033503516,22.187748282549272,85.51933869436573
432,9.078629049566764,17.48380955741348,71.11375123085641
433,10.506638573728994,20.358836282244567,82.40390638847269
434,9.883717255878153,25.531372784061055,97.05602065041612
435,10.93397414496271,18.549115593392724,78.19445153033388
436,9.526377538545237,21.125855784517917,82.31040819589029
437,8.860327195791797,22.009130539999045,82.21922241964342
438,10.304626176480594,22.667304192437452,89.59369882298071
439,11.019386773339479,17.90522889914164,75.45478430560084
440,9.90839286273995,18.32476220859207,74.45686686271327
441,10.265033857794428,22.70876124431217,91.60406924404208
442,10.150360343302998,16.302316226982157,70.09467510344757
443,11.838836684055472,17.740277758367753,76.19281426306209
444,8.823291265656632,19.359980919375772,75.71550312924606
445,8.564958111081191,17.046753386621397,68.12642276552356
446,11.180028009858798,20.730705164179124,84.51406340793844
447,8.659005518444076,19.499818779738444,76.47980330447965
448,8.876755710793331,20.702800822050165,81.48771322959105
449,7.77121264150992,21.52718870331395,80.163255931143
450,11.482551698112971,19.98882011398044,81.35614007241469
451,9.542714768423243,18.5646862358256,73.58269265256311
452,9.79056323730179,19.767936234650776,78.05997832976286
453,8.905075320135222,18.264381037001574,70.70788774838691
454,8.489556928866222,22.376222470260366,84.72301512165367
455,9.557811104728392,18.00601085722825,73.33549378334038
456,11.292179486352762,23.59215057596947,93.22514935668438
457,8.658177647535464,21.751028050947802,81.92669267094743
458,9.754847675293808,18.521077311545223,74.18673855085986
459,10.433358849598328,24.29237662917397,92.30708368194905
460,11.016535189591394,22.811883959195942,90.01277446053845
461,10.635775274838306,20.28445281216286,82.50607902719074
462,9.652270532655427,19.363320177512747,75.90772559690639
463,9.469796470335025,20.822185511875475,82.39582383270512
464,9.894828524591963,18.587437179818142,75.24633433621602
465,8.560250033919178,22.551933896648816,84.80517406519473
466,9.889016466062257,19.85444927938552,80.4559939773795
467,8.662578629622551,18.73882251343673,75.23071694826984
468,10.307869058541987,23.28352792864068,90.69531642276421
469,8.651236044020646,19.865896094142173,76.78999924648146
470,10.505340590050944,16.17335930674311,69.40491997863259
471,11.73237930958719,20.351663442742893,85.52510318513758
472,11.218741088000394,21.062013161858147,85.96522879829895
473,11.515493917638691,20.42652433581575,85.63899510665509
474,10.385430571374444,22.138844122337925,85.4899548387275
475,8.08436368827184,18.12821821088852,71.58075261282917
476,9.654502836404717,21.51496072425318,84.1168274726174
477,9.807868001023902,20.197842119938933,78.34234225888764
478,10.141356458968753,22.894513689246388,89.5616131800727
479,9.544540762079054,24.6249187036031,94.18841217173946
480,10.141514039495773,20.048851282456887,79.45618407548604
481,9.527365266940896,19.7199039147327,76.68036462794177
482,9.265651165926517,18.256453616060583,73.63582747772682
483,9.118031326890028,16.874329623074168,67.81762905364357
484,10.504238564383503,17.06631099090612,73.4020469392368
485,9.466954393294628,19.170978225360678,75.0597445009759
486,10.322268953515975,20.705699044050302,81.71571500614544
487,11.234887294488663,21.41953826001358,86.38532239676377
488,11.033110360426706,15.189618438150807,66.19969476579891
489,10.098214052385309,21.677624946026388,85.41276576566315
490,9.937358928407047,19.482964200877127,78.17553414527501
491,11.475309703416848,21.263782919440235,84.39414889865708
492,10.304977001446971,22.058242642474113,86.41446076267903
493,9.049209597596821,18.242758419658315,72.52367370718984
494,10.196538436857665,17.563732212146313,72.71742118040737
495,10.131059287204467,19.169701980271515,76.87805522867916
496,11.122832744603816,17.18964279718917,73.55707483676157
497,8.932354265886673,20.589526163588523,78.97711324787613
498,8.535690039085136,22.14782819026583,82.56321819024815
499,9.338882187150483,19.482654137999294,77.61624327667339
500,10.08580674727845,18.857322357038484,77.15197607247241
501,9.0457190215821,20.557614872447925,79.38436940740726
502,10.166791794787592,18.567149929655642,77.56841365433263
503,9.29458626430117,21.34538185151433,82.32240409686202
504,10.405487584732352,20.587015849480057,83.46916164442592
505,10.439553177056391,18.79973776904982,77.66770662894565
506,9.038970325234924,19.492346863488827,76.93661517732059
507,11.910628546619602,18.729780433469266,80.59183337586288
508,9.093180596987244,15.76106793050853,64.62699881274992
509,10.371991480645415,21.793652678277407,87.09694774764523
510,10.154451179947733,19.413199314580098,79.41096457696686
511,8.670499131616745,20.88806038196959,81.41772324129563
512,8.24152440963199,21.20212659811007,79.10992348516032
513,9.584504899269914,21.980782108545267,83.191787284669
514,10.620760734069338,17.841483877070402,74.76121711662036
515,7.423816975763623,21.22480310225916,78.17877328908558
516,9.906115401264891,23.363492393269144,91.00327354578461
517,11.403144015127683,18.775933763499992,79.64315425537801
518,9.322925248703994,19.42960498081286,75.41159156888665
519,10.753143332537018,21.220659534597015,83.78831449327697
520,10.122788355240225,18.295814133267605,74.40496295878918
521,9.98317000041005,19.24789086142971,78.49151588489445
522,8.573717101004204,21.820573544938416,82.77475278347279
523,9.91585296295349,21.923162761781047,87.11004271871492
524,10.105776885657766,20.050428548509935,80.07233549978172
525,9.524440853891491,18.9687155315116,76.50025303029042
526,10.20220572892276,20.111687099681827,79.00277421073604
527,9.24749101325797,22.059380190136025,84.63730837905672
528,9.389425566874245,21.57305477050177,83.62095176263298
529,7.9409693299683894,19.668559602363892,74.74561810850139
530,10.891402326058813,19.350080895558154,79.5462589406683
531,10.691502786152977,20.14151044778817,81.82711866258806
532,8.449737722806015,19.96398894398536,77.55536964906757
533,8.362390942643753,18.797403851270637,71.81334343444789
534,10.431504521804762,21.25058825144815,84.83730009832593
535,9.715581866360655,20.192423455410307,79.56321548432676
536,10.280590850502508,21.536898583449037,84.32805070477347
537,9.611973712229716,17.158009054199262,71.22567336696954
538,9.289509304190904,19.15062487937458,75.85345559479919
539,10.812966923380767,19.07690701519157,79.86366615695741
540,9.067657942754806,21.722059658326653,81.56233326132156
541,8.929323586284116,21.541266917909763,81.47272601367116
542,10.342622130742516,20.06573012546193,80.81389322348812
543,8.19599563873895,24.1520925131496,87.50031979349208
544,9.94221574155862,21.987166903406496,85.77756425572632
545,9.459353077840191,19.587835424695324,79.74513780404983
546,10.464385779534323,19.04391988475768,79.1957911499569
547,11.37600758888696,15.73520644304428,69.95500154337184
548,9.773784545596842,22.83982493516437,88.35778862803798
549,10.929934135853506,21.092868836916008,85.97461813065578
550,8.907204439756494,16.65884389702748,68.7551643725742
551,8.446007931989975,20.053674503515754,78.23883164046724
552,8.420108464895526,22.0370892005659,83.98392714007954
553,10.022553141364684,20.213294434930248,79.70478027671614
554,10.672603801581772,21.23756616892365,84.64180066210218
555,9.799668273688527,22.371401309041605,87.47820611272394
556,10.884673028915568,19.846294511217422,80.81380129833785
557,8.013250164403846,23.569460249781656,85.88069624353895
558,11.102434315325366,18.9915566023122,80.81257514020636
559,9.31196880762669,17.402099068973207,71.45682132921208
560,10.543044795977451,20.267967137278642,82.20110668346159
561,9.352796297750201,18.8348502009597,75.12783389823305
562,11.007255319431712,16.909155651836763,71.97935504728565
563,7.192164143252638,21.65418229273004,78.63932493707068
564,10.802010814504403,20.973760796492353,85.14645218191492
565,9.850122921502038,18.835315520992538,77.04773909932041
566,9.508839592953091,18.8281559582393,75.97475195826182
567,8.405585277526257,21.539778510913358,81.32828004449385
568,8.755887424192117,17.84587221489728,69.83080085207098
569,8.919112686429049,20.206376397612782,77.01338173710562
570,9.682160555207497,20.082511912989823,77.90094614259762
571,10.805583425768337,16.814333032375092,73.33576597508475
572,10.985853024060326,21.129370528608614,85.25157429114232
573,8.518408516137542,18.151720444432463,70.65779303404553
574,8.151045582558774,19.929014610232258,76.74676281463373
575,9.925925237615445,17.81295912377752,72.37422760165056
576,10.347826524759142,21.870685696415425,87.30944180259094
577,9.299971569259672,21.830347149522865,84.18472027588902
578,9.879975915565995,18.26074751827582,74.79225463389824
579,9.794340462937905,19.122029961079555,77.66942370314275
580,10.095848634004723,21.823854193244205,84.77799149669778
581,9.76235962872879,20.431867460621838,79.25960065171915
582,9.639192383172439,19.115348826391205,76.03627227376714
583,8.28636038228898,19.48431370004533,74.57565555669458
584,10.338380478171551,23.626668492238966,90.01864553091765
585,9.516858019460887,18.39226966402613,74.8726158048232
586,11.006791529556617,19.030378562980154,79.82362071774091
587,8.45105217219231,18.247649176329976,71.01555890816414
588,10.717188860349607,18.414024012785635,76.52168538851721
589,11.22891314959237,18.780900904707476,79.1124887013481
590,9.757619724282511,19.492329596956523,77.28376205046462
591,10.086390306200189,20.17615605272159,81.75402026716404
592,8.770172510611106,17.129551046135422,67.69521339594223
593,8.585704784607474,18.54947021188635,73.13538761305816
594,10.859818198712727,18.44137219817096,77.97144603337773
595,10.007210057342718,20.2130914017436,80.32793807113248
596,8.440165787205798,22.24099672331862,84.97241269927571
597,10.403928882463756,20.579446032337916,80.65238114716988
598,11.155945131380385,18.847248332603836,79.48042861781568
599,10.295962898401273,22.419263914708285,89.77515020856436
600,9.774813257368686,21.040329153078808,81.85681944235083
601,10.734507969876958,17.295984330193342,73.6470791603826
602,9.85258046768412,20.768672374217722,81.35500114046297
603,9.312081756552454,17.564275684867678,71.3182815385606
604,7.913516678010933,20.432182710240014,76.48612594466604
605,11.669300557199055,18.22750109151782,77.51782827148469
606,11.266978470223881,21.858487883849868,86.26552087641363
607,9.923879003027077,22.48351230615963,86.67990385287096
608,10.894932527654838,23.13899724636863,90.93196743331215
609,9.047259717479976,22.973664140139462,85.54913201466138
610,8.709213891523039,20.407940272081525,77.55970078578025
611,9.063835706400054,19.3512862061708,75.36757904133482
612,10.813826294242986,20.586266941999874,83.5262231278238
613,10.566661818332467,18.598895470631813,78.01393954176271
614,9.903612456449327,19.675409594756733,78.62888473265298
615,10.31893020857516,20.53402882268895,80.62194105611216
616,10.347155610736863,19.13542525266511,78.75215441569189
617,10.731305977314236,21.314612473331113,85.19379311718882
618,11.938631374055221,24.88194217183145,99.01184069799643
619,8.532163255862757,20.437197454216182,78.47291895830755
620,10.70190536256751,20.978337286682713,83.8942104779126
621,10.812321600520225,20.442101186031195,83.23129827235978
622,9.728209161578363,19.339936171741346,77.14752778630853
623,10.540456934963819,19.829780311252563,79.96580700528939
624,10.112136536967677,17.1936843495815,70.46412436390987
625,10.108347500788485,19.18192716040171,77.17442618380187
626,9.959815607137251,21.39214969928926,83.81347069331488
627,9.207294242415294,18.23413387015032,71.6147437762921
628,11.662968667265815,18.061320287639262,77.19109317987855
629,9.847206200426296,17.947242323317454,71.35859405937859
630,10.199282867742973,23.403925810304123,91.09800572908561
631,11.401574738541786,20.79384488074299,83.87385029596483
632,9.304638519898782,23.975282659798417,90.27689636113635
633,9.318853182100378,21.991856104114387,84.3217133903856
634,9.876243507154815,19.491823676383166,76.57356529799878
635,10.49353092864261,22.47267574722393,88.12180490635282
636,11.253910191946863,18.785989943370883,78.64613604327596
637,8.171609770684197,22.576380226847043,84.97370689228211
638,9.58632531121622,20.22622009306414,79.63730771757129
639,9.680282481304259,18.653338435742008,76.02309607409575
640,8.500586011825723,20.74933304577349,81.77740022787502
641,8.2790228840724,20.248623418463662,78.46741369273845
642,10.205890183211032,20.087193971980366,79.02655640102708
643,10.43752054149815,22.054337562737466,87.08562123171461
644,8.412638230261491,16.664729409514095,66.12313251100895
645,8.569168775188807,17.97704236598793,72.69018247618313
646,9.924392862004858,19.51033808514728,77.77009888751715
647,10.92939937730892,19.49322525787784,80.93947600454418
648,10.553148757603584,21.016544572804623,83.64234302589887
649,10.8514701797141,19.363323408311935,80.46466840714118
650,9.693002902060549,21.263073066499683,83.36344966990563
651,9.835515118108574,19.914961653893755,80.30578363724865
652,9.374641769653818,21.58707752870444,84.7352802748409
653,9.631093524179144,15.790085809706463,67.27277104041366
654,10.463059398902978,23.790048612293898,92.02589189479038
655,10.358228435560388,19.7275081649226,80.28795929191074
656,8.177989264856858,16.005105653849796,64.18601585683125
657,10.94690185097339,21.497753621074512,86.17984170302199
658,9.666467380223272,20.324647923207266,81.7305069167199
659,9.242431208893352,17.866904445763247,74.0396345713853
660,10.94011243642798,16.949299823647124,73.74963245072456
661,10.074689684033427,18.215028270001753,74.95652849831268
662,13.35603205438452,22.009408407713185,93.37431863476782
663,8.688236361470915,20.877399984472117,81.30686090984894
664,9.86950402802026,21.534614901807885,85.32852359197261
665,9.39833455536973,22.257776963464785,85.33334375818518
666,11.472561052343801,18.057080576383658,77.30779511434852
667,9.55421580377239,17.688797204853934,72.18578384723128
668,9.17229918804263,16.387038074314702,66.90092222533401
669,10.041941089498108,20.455090630643866,80.68956693152673
670,9.494731940140282,21.242307618033763,84.59031419805237
671,9.826022634364934,15.515316138162222,64.5876396665293
672,9.699878712426809,18.97486427450812,77.01257869590839
673,10.486660712702095,18.9509587561239,79.83447400028469
674,8.962654720474834,19.370882890983,75.3916040612662
675,9.52877244276167,18.356670681109797,74.2032480905671
676,9.828169298269216,16.99445600317467,70.11285950894448
677,8.964607298664015,21.556723845484502,82.12742382196431
678,9.126850103722806,17.806777169134996,71.19914981185747
679,9.388001329565402,17.92418840041988,72.01417831236736
680,10.648316976321627,18.35273158219003,76.23806842586934
681,9.722441498695149,21.056885800225146,82.85713525981343
682,10.6010237863701,22.56044909642775,89.7177970573148
683,10.174568149875842,19.222177359235694,78.80084773163642
684,10.073060681622021,20.238755651638083,81.67949432483921
685,10.962494117173307,18.507877076734825,77.60085668345286
686,11.060891867663555,21.328831066468236,86.39811193236469
687,8.816770152923455,20.570540142648525,80.36882726507261
688,9.01937325763162,16.386082668627026,68.50567664425009
689,11.19025180291743,18.718253952253534,78.12809921133999
690,10.870068852791722,19.974601811050903,80.44979171268497
691,10.163766409064904,18.78330208470442,77.71483820373399
692,9.882865310319776,22.89097938992235,87.56788974040595
693,11.502260780193044,19.207865045087562,79.89902339187178
694,10.779519248299113,17.54211884765661,74.0606617469499
695,7.711896567049446,20.900372999412888,78.48477858777242
696,11.291059270628757,22.893910972308923,92.48987626738645
697,9.441510699989449,21.359129026364762,83.63507923677976
698,10.029203809973605,20.162134451053284,80.60106284264754
699,11.428147161654405,18.630238346383095,79.32866468154803
700,10.704853146143666,24.9826725009904,94.79581658570581
701,9.130643937507491,18.085652206123928,71.24010887895766
702,9.69874456142473,18.952873037591203,76.04947608990707
703,8.747155023700959,23.10200009414925,85.26083540271586
704,10.727757933380888,23.853553555545542,92.67860222774951
705,10.152372270381923,15.624125651477193,68.16840494158534
706,8.808903086891995,19.702917466354734,75.57424229863916
707,10.512817541249877,19.590266624747215,79.54764090194756
708,10.404645226655564,15.81379136738746,67.31827527909334
709,8.579676432877967,21.563202108098896,81.44881606878442
710,11.95749257420625,17.872213507694656,78.93363942740528
711,8.026917048332255,20.88101083239757,78.346926524766
712,9.902134557125482,19.70021685885397,79.86867807412084
713,10.205316492939662,18.95210273183097,78.38193818317825
714,10.502593805685152,16.798491784944463,71.13541955118534
715,11.836497810886605,19.598678255768075,82.26120319120605
716,8.071398561293512,18.43692731722093,71.85093723385344
717,11.4779639866973,18.272768142944358,76.29159442403721
718,11.767578853158971,20.253403449651305,83.75576790990758
719,9.646385642103334,17.444057740705766,71.36782894142304
720,9.284328585770286,18.461974085883604,75.45649084560004
721,8.815355932986751,21.210870860531788,81.49786986579977
722,11.600974562883414,22.858713118677873,90.22347829379554
723,9.500741087042796,19.57675777320852,78.16142296221722
724,11.158026591827602,20.307820094029466,83.18740696823521
725,10.781881632514535,21.256262990537614,84.5070115413451
726,8.920057490020822,19.396603752042665,76.25978176744674
727,10.635057663221549,18.808152223703523,78.40219576750259
728,9.517224384712192,18.198331126154475,74.5895369026995
729,8.019904381406013,20.03499935893129,76.59228350803026
730,12.194031625701948,20.506709758787185,85.02312242255073
731,9.108532554051092,19.831801728226004,76.68085703916411
732,9.121589853194088,19.379698124201013,78.30084212595236
733,11.00147776653658,19.69227184056201,80.33317180724117
734,10.196291006764676,18.98618269954013,77.62918166294767
735,10.421465271130694,22.40185687841292,88.05296119658965
736,10.157878116735047,20.441893090758136,82.9349097528734
737,11.165072000155611,20.09318977647921,81.47234405532599
738,9.814210068347313,19.607203463089803,78.86873247637227
739,10.82851593838123,21.101234328571106,85.74397251486307
740,9.406649205467765,21.19426588747713,82.9360346391456
741,10.674319638786695,18.822740827016137,75.67086728077162
742,10.186980028428689,20.409816034620512,81.6747522243958
743,11.406170479537618,18.552778569798992,78.69486812182924
744,12.417529245693752,19.90799740923623,85.53727173351535
745,10.332452714825664,20.41594313342275,82.58479804266918
746,8.16744712740915,19.88365689675832,77.1715040519359
747,9.421429694539409,18.588540939826267,75.13691218085266
748,10.309587078550628,19.651243150956926,79.2811136620714
749,10.038432877813513,22.082655380426942,87.10246718501082
750,9.288030108549519,18.96221032481178,75.31546564384935
751,9.557236947228517,20.702989978679494,83.0638265325323
752,11.555875853107965,25.24956434278477,100.9077638114611
753,9.638846946136388,21.291496526177635,82.41474944282875
754,10.841014110817234,21.459093541896934,86.73683611544182
755,7.9699642822391334,20.72520573791581,78.58932653515663
756,11.167698665105771,20.240311586494602,83.99070678518649
757,10.261279445333809,19.37954237866456,78.45154648850804
758,10.057899600588064,14.995768551507357,65.29382750736056
759,10.117305221104624,21.5985251666603,83.2118180424694
760,11.137843480104575,19.355889697252984,80.38841050851691
761,9.621106358293321,19.064566226898396,77.02077162801763
762,10.971366359835558,21.019033503560685,83.88066493550983
763,8.103540116963872,16.968666879799304,65.72224671576805
764,9.771825839637367,18.392437979166107,74.3674976747081
765,8.519464861713596,19.647884901414457,76.24621456058638
766,9.738476619983599,19.79181297875086,79.83230823568425
767,9.362738203294473,20.109129134509867,79.29747814445895
768,10.749988898409978,22.31228553029894,89.29926710842341
769,9.616234549307242,17.160981528056062,70.12694777595577
770,11.292892477296508,21.35345349155243,84.893049595201
771,7.777565483271079,18.848986002578872,70.90165494850368
772,9.910215648931482,19.999114316668706,79.86790190596491
773,8.796759130561023,20.626474052436674,80.05721485953558
774,10.56603594910517,20.557412803531665,81.43365524470448
775,8.503440557652146,15.085418700540732,61.75871196255611
776,10.267298909928565,17.842580195595737,74.05091902040334
777,10.028140616774,18.06039521148154,74.24200198527325
778,9.865530520449935,16.289321954865958,67.46641372710006
779,10.795272786180599,20.476480934431795,83.57861749677248
780,11.418133666096585,20.58422062562125,83.35444526814717
781,9.130266043273439,19.289157297691773,75.66374808451384
782,8.581642421490864,23.38918694690762,85.7480304225869
783,10.627738308874042,20.539547488834568,84.2284225881418
784,9.807333715861725,20.267331389065287,82.13542162872787
785,9.674894998578868,19.920822833863916,80.27008502766927
786,10.33258992459277,21.4298765685817,85.50757206478148
787,10.672728401131787,19.71139414518104,82.97451497035345
788,10.40608280403596,17.829413571689894,72.33353363099307
789,9.343351275631042,22.456466534327095,84.91807551185988
790,9.279309149995607,17.031493615233252,69.37665942573396
791,9.104449414129885,19.442083861030422,77.58992279913066
792,9.518623020427555,22.719861328496762,86.12733792076496
793,9.855643069189973,21.339535904523583,84.1218727413168
794,10.973625150953035,21.62775289338438,87.54231051963743
795,8.677303341344206,21.282666457751557,81.09531941317812
796,8.774544417774752,21.542854884296542,81.61145181909052
797,12.845262013724499,20.102857835012596,85.82786718069356
798,10.298418345150226,20.292903750811586,82.24420457716491
799,10.537457918743796,19.101229936554564,77.90055438750552
800,9.018191359896985,22.593278267130827,86.50062189200312
801,7.371888594665435,20.533156274093884,76.93238561687363
802,8.498770767327672,18.68557897344634,72.70044293810223
803,9.635661440650775,21.603927226017284,82.08424486100702
804,10.867259765360867,21.476854892505717,86.40452629862904
805,8.595793186351502,19.898307778045442,77.41344045784572
806,10.119778105523405,23.441721432410237,89.48318820132198
807,13.546867173308833,21.149218976137423,90.23017200572878
808,7.55715769445804,20.723938142343865,76.80301608775997
809,9.029297198177945,21.724716302664664,82.40296618446737
810,10.692621187239038,22.015488988309755,87.87250349221674
811,9.153102911164178,18.774198307815308,74.47371512625011
812,10.238514613313546,17.665423950279667,74.07863807885072
813,10.707281517070978,19.616169479079872,80.83082355646224
814,9.587225774291166,20.66297647886748,81.26587069176907
815,10.052610687262886,21.997595299486377,85.24868834446312
816,11.038622288676297,20.089057628906705,81.48439687049105
817,10.68217470954897,22.34857195860775,90.54685007268587
818,10.288712686717439,20.62468710574812,81.88816591688703
819,10.517608623367552,19.523429665450035,80.37348207811641
820,10.248753126021317,18.93252043023501,75.54153787878181
821,10.523258666511806,22.77780918581834,88.99857044064693
822,9.159017254730959,20.481145333571405,79.20876288903722
823,9.25317967918474,20.42073436998114,80.00628897969216
824,9.851461483402064,15.291583516170803,65.23782167865434
825,9.159630496424398,20.909273169959068,80.35461137885991
826,9.642989591374064,21.28243545268435,82.86021741165877
827,10.47570612699269,17.92978609940268,75.33300637101158
828,9.673340297527682,19.375780073295484,78.56607977475012
829,10.146649389874316,21.231071765043342,83.34829732077988
830,10.312426626846603,18.25991770117979,75.09501957529079
831,11.963862163019261,20.86081346101551,85.7579158675049
832,9.945297596903922,20.106540605555644,79.7255074692021
833,8.691131628580564,20.15710070192419,77.80393138034923
834,10.243304597533442,21.757892866064566,85.41503348508292
835,9.479622385624678,19.587904477489737,77.84474041905261
836,10.893283094028696,20.7459163803987,83.74882501710202
837,8.088925844179688,21.140459029424548,80.50676150635474
838,10.059443996332963,19.35518520920291,79.29266431565502
839,9.130183238618548,19.858071392618385,77.92909872703196
840,10.798890039526137,23.323302485391423,90.45846704781725
841,11.435710142211034,18.41464993515201,76.85292905473267
842,10.346594357421672,17.303674534374974,73.44073838780186
843,9.133739469003588,20.214643191179295,78.2453709383355
844,10.396529216357816,21.58443963822483,84.78423050337798
845,10.287970197031568,17.22567036170007,72.00048363522214
846,8.168323359669131,24.165649345473465,89.88392827022355
847,10.312823863907404,21.02688103401563,84.06210160982044
848,9.152838564398337,19.5366153071016,77.04596821121534
849,10.09604090100787,16.32765968233531,70.7162485662183
850,10.485905467077004,16.545537763796222,70.54332089912191
851,9.737153195212393,18.49771129257956,74.35727620659563
852,9.323420431273119,21.103360303872417,81.79292561047674
853,9.19851861337631,19.83632808627259,78.25979696614687
854,10.028621979860615,20.06227115296036,79.29903449137302
855,10.48029396673227,19.202097122250017,79.86381403467591
856,10.377660006832848,20.117855743910578,81.15655300276407
857,9.627316690343237,18.628418651324893,75.93336917403025
858,10.47071275877044,21.59275108717423,84.6437531644053
859,9.995804784171503,19.03250429739514,79.78259297837128
860,11.333655965548548,20.797466038590436,82.94226045459536
861,12.130049422264669,18.55000470880714,79.57536782565356
862,9.946219859796154,19.467511367984002,76.7939502654977
863,10.575708271352644,20.544752827966075,80.33983931805503
864,9.251584899412764,24.136107928240836,91.76359052975178
865,8.91713481175794,17.926722930889316,70.7179134875659
866,9.987687312413739,20.625844507283293,82.32415200170158
867,9.655777950707682,19.415416398522936,77.65003193485919
868,9.439165793734196,19.56169718712835,76.54776513560736
869,8.67685598385231,15.805835918766842,63.41379909509327
870,8.412379469738177,17.432982377143116,70.08762147989381
871,9.765088042706871,19.847976366458422,80.97422018195005
872,10.048242218391398,15.187216620554876,67.17684901199125
873,9.9736033349861,23.11694299196232,87.60918142968802
874,7.608598007176322,18.606410131561752,70.21745578860185
875,11.146887730310842,17.125007643206896,72.65922357202093
876,10.507412302341073,22.51068001885206,89.25302262088233
877,10.307521439353264,19.46470248483608,78.44660127370236
878,10.046384194534964,19.457621855619063,76.65433641306684
879,10.465449764105836,18.57203173084349,78.3105369393804
880,9.352525576152328,21.954948259754914,84.91035605824406
881,9.428331630993757,21.36433165126179,82.23504606574382
882,9.102912884944516,18.275016899430387,72.1046873395626
883,8.666751777956657,21.014091396380223,79.16093779325892
884,10.505854268561569,24.524685037379868,95.38578324726664
885,10.429323182095835,18.812696100930033,76.3211880038825
886,9.596295309936773,18.08338576933881,74.47106083620032
887,10.33870420799028,19.1842471281433,78.71525268112772
888,9.15766653127561,19.777285922323884,77.32645016809525
889,9.824844896894444,23.576500539021442,90.50413835931518
890,9.775952506724801,18.701077037087366,77.2360747209812
891,8.868126334659612,19.90878791187782,78.05459613274556
892,8.59060465694894,19.92916592058671,76.74817325258948
893,9.673227183995847,20.814745981657566,81.69618295297474
894,9.192830441468544,20.52238253992916,79.57417929329873
895,10.23995364704954,20.222940630521467,79.79099396591423
896,10.282627340488089,20.40355875393615,81.7803799620304
897,9.78296846040384,18.260666388756817,73.4818216293745
898,10.088055917853142,19.394490934351587,79.51067031515659
899,10.44814481467454,21.58541025357407,85.6008607645117
900,9.968227164758632,18.783323904541795,75.78071938548919
901,10.312614263846108,20.239227631880176,81.47231198448989
902,9.184489478493305,17.48283054505131,70.14443984735883
903,11.028054072058408,22.529720638621562,90.09078126208743
904,10.984419918878615,21.50190848924593,86.39696690845571
905,10.977489702695056,17.955700486362847,76.15796626791484
906,10.635844773282361,21.191265374668802,85.31176451121624
907,12.33404778351843,20.965340566929367,88.06764889513425
908,10.944652103064533,18.6345848470103,78.10101075257072
909,9.731409846117268,23.396708287660477,89.95968363550854
910,9.633107221412692,18.612598206435337,74.88488529267991
911,8.69023483048208,18.353521939440647,73.8214177609808
912,10.971730391469631,23.781111165215467,92.85429684477955
913,11.141554454689503,22.597670429153034,88.95760560791636
914,12.497572331612666,22.642028005837144,93.26409403318912
915,12.748999699468875,21.929758019676164,93.22260262690347
916,10.781488059623452,24.28345331608991,94.12085895583228
917,10.903624936677524,20.703734113994305,83.75492973000223
918,10.86747560642976,18.17763184539249,75.89870375885266
919,9.843816504485158,19.99153214371989,79.15098974391776
920,9.791654164145404,16.732727421970036,71.39628234248812
921,9.131865262224268,19.80243087504586,77.18724515843853
922,11.680666594061533,19.41749199142949,78.83145739958618
923,9.66678916060604,21.48418871836321,82.8242156123314
924,9.686693414313368,20.187964154903042,77.72347045628372
925,9.929114326475581,21.682371317881337,85.73997288288754
926,9.398769708652615,21.3133024167674,83.35434986232681
927,11.106331836456333,18.823040746148965,78.80664277127514
928,10.073114863111474,18.49982964398721,74.91235839526638
929,12.468690540061404,17.89218093827913,77.01196851316124
930,10.584137270010503,20.33055007655921,82.25498965213217
931,11.622559640621757,15.75873220361035,69.4466420368627
932,9.621979769446972,20.5643491174022,79.94499438155725
933,9.856493751540013,18.746742637918448,74.04979149492009
934,11.376996002544647,18.49560347149659,78.14235801264934
935,8.980106434187267,20.855205670882135,80.65413087545899
936,10.627957946724973,20.156754721167903,81.5304879674978
937,11.330012611912954,16.534955991333625,70.08863153213814
938,11.046593030405012,19.96118533248564,82.2411878059261
939,9.770869087949151,22.42500436334379,87.97621802449088
940,9.821334793020633,16.233133347110325,67.34118508368984
941,12.738640708435273,17.08145255656355,76.91096310569765
942,8.709179020522205,18.330296501701678,72.78731658291113
943,9.141917271771824,20.261215816969962,79.28743745645963
944,9.117891220900056,23.740975041731097,88.64164541123165
945,10.142112700885809,17.330118787808015,72.35334313088367
946,10.851274609971675,21.056697819454236,85.46513497735437
947,11.709457173705896,22.095195039832493,90.90312676126648
948,10.765326381461655,18.16824945631517,74.4616819968298
949,9.402814453292159,22.468409208745065,86.69611310248777
950,11.614517813966579,21.113393486402195,87.40890081314868
951,11.429267254456436,16.779520284238295,73.78667143107829
952,10.17451890974543,19.552154320370462,80.57079688421852
953,10.693446259698462,17.1805998664985,73.32003089042064
954,7.816399754785174,19.951586447751072,74.2002245730674
955,8.963399238981374,20.29237627985856,78.7362423896625
956,10.350056813482897,19.23338062902992,77.87091457108157
957,10.430396426834495,23.74402375498468,92.93686482091152
958,10.293635681914006,17.626505657522575,74.13961253460137
959,9.297667444305098,16.621992506482684,67.70936194185849
960,9.538324788356823,21.29365993296101,83.15307804177216
961,9.10975952625814,21.467352193771834,82.95425243612479
962,8.759094496440047,18.59467208969681,72.17793352140154
963,8.323717598440417,20.609726632757205,79.05088786893907
964,11.094322463587904,18.906279499030383,77.77179246081828
965,9.089780151919209,24.158500385393676,92.92850771821414
966,9.24694825180837,22.381096060422212,85.23427651348153
967,9.633073180600073,15.951532025985784,67.32079434330853
968,9.519730350988272,17.925895413229973,72.75379216032988
969,10.703211581177301,22.04722380108387,88.21428583133368
970,9.184091679614275,19.59793432934483,78.82249049917945
971,9.48837421171664,17.531241288261096,72.58956562065306
972,8.798571284373459,21.217995470770067,81.86012943841355
973,10.104429468946673,20.199937322020148,80.99983882779289
974,10.309512470865963,24.29728509656809,92.14172426766493
975,12.75888665133499,16.769849684758327,75.40920361705119
976,10.726032457269792,22.209403820222704,88.51928905589057
977,10.261394080445795,20.516254146709358,81.21038527272177
978,9.214545452063438,21.64805575342175,82.51832269268432
979,10.021188696566815,25.1630417394722,95.3341713825991
980,9.15824827789053,20.232481158649367,79.89539803709391
981,10.309840990189876,17.13196055345892,71.60496246074862
982,9.623025054738726,21.513328652198336,81.7772768084508
983,8.463692419536848,20.166951574625227,76.24482722420981
984,9.007831865315316,23.293621851623254,87.67959550343811
985,9.551315181864233,18.538917105075505,73.5817852972899
986,10.062086696757717,21.83761008615503,84.2466415856746
987,8.48775205926556,21.063388317796846,80.13049142897032
988,10.049808574309399,19.865788023583,79.78536020993836
989,9.43183334367365,23.714991851071343,88.41870253866084
990,10.666949118969328,17.95452000312716,74.58477612792876
991,8.396787293208382,17.487136172153033,71.21260328268446
992,11.297027294666064,21.36399166928072,86.28329202842656
993,8.07067898421372,22.44884647670862,82.79484389138712
994,10.180311564289816,19.698179905686157,79.78827120053568
995,11.295742239597441,19.88956304353428,82.79672853274263
996,10.21544103301971,21.610950985868183,85.01543115856495
997,9.967634196437645,20.704892256273588,83.48228196940093
998,11.425754597807206,20.081582773318146,83.19817830204153
999,10.945339207159874,18.962533536648227,79.26962871395017
